user_id,KC1,KC2,KC3,KC4,KC5,KC6,score_rate,is_test
0,0.16686544,0.0029167894,0.0031160293,0.11622733,0.025788376,0.057587758,0.0625,True
1,0.083692774,0.0029026815,0.0049850214,0.11627423,0.02574972,0.057644416,0.0625,True
2,0.16779466,0.0040110694,0.023993937,0.1199143,0.025813028,0.12049299,0.15625,True
3,0.08421964,0.0043346453,0.009449841,0.22809955,0.055414625,0.05794891,0.125,True
4,0.04137285,0.0028815556,0.0030917497,0.11620263,0.025742596,0.05757935,0.0,True
5,0.08368679,0.002892213,0.0049131038,0.11621369,0.02575354,0.057584606,0.0625,True
6,0.083750874,0.0029482928,0.0091645615,0.11632041,0.02575786,0.0576864,0.09375,True
7,0.08395935,0.0029891515,0.0031144572,0.116305135,0.055167075,0.057590466,0.0625,True
8,0.16820239,0.005524094,0.015543448,0.23162007,0.0260201,0.120877445,0.15625,True
9,0.16680531,0.002903014,0.0030965754,0.11621072,0.025761673,0.057581257,0.0625,True
10,0.043025866,0.0051019397,0.025780056,0.12122943,0.025751019,0.121446,0.09375,True
11,0.1680192,0.0060585113,0.012047799,0.116702355,0.025889305,0.05808149,0.125,True
12,0.08370538,0.0029037367,0.004934113,0.116220035,0.025757294,0.057590608,0.0625,True
13,0.08429114,0.0047883242,0.014267725,0.23113105,0.025801273,0.12058919,0.125,True
14,0.08582734,0.0059575997,0.04609255,0.12156906,0.025769819,0.12169922,0.15625,True
15,0.08367783,0.0028872546,0.0030946038,0.11620707,0.025749406,0.057580803,0.03125,True
16,0.16756617,0.0037453235,0.014159168,0.11956792,0.025791898,0.12025522,0.125,True
17,0.084301665,0.005220037,0.010239563,0.116444565,0.025866138,0.057825472,0.09375,True
18,0.08458928,0.005163623,0.022164408,0.2291422,0.025774645,0.059179842,0.125,True
19,0.043025866,0.0051019397,0.025780056,0.12122943,0.025751019,0.121446,0.09375,True
20,0.08587039,0.0077618193,0.026096463,0.121401146,0.02585645,0.1215832,0.125,True
21,0.04137285,0.0028815556,0.0030917497,0.11620263,0.025742596,0.05757935,0.0,True
22,0.16776338,0.003935539,0.011902569,0.11710703,0.025802348,0.058405537,0.125,True
23,0.1685011,0.0061135767,0.016573869,0.23248294,0.025942806,0.12153174,0.15625,True
24,0.083988465,0.0032034654,0.0055840537,0.11639304,0.025758961,0.057768688,0.0625,True
25,0.043025866,0.0051019397,0.025780056,0.12122943,0.025751019,0.121446,0.09375,True
26,0.08367783,0.0028872546,0.0030946038,0.11620707,0.025749406,0.057580803,0.03125,True
27,0.08544544,0.005303595,0.02588279,0.1213134,0.025759764,0.12150688,0.125,True
28,0.04137285,0.0028815556,0.0030917497,0.11620263,0.025742596,0.05757935,0.0,True
29,0.16682877,0.0041866014,0.0031341575,0.11621293,0.025770565,0.057585288,0.0625,True
30,0.08544544,0.005303595,0.02588279,0.1213134,0.025759764,0.12150688,0.125,True
31,0.16686544,0.0029167894,0.0031160293,0.11622733,0.025788376,0.057587758,0.0625,True
32,0.08574264,0.005806233,0.02607432,0.12147249,0.025762832,0.12163038,0.125,True
33,0.3086024,0.0042563123,0.0032085588,0.11624425,0.02581475,0.057603285,0.09375,True
34,0.08544544,0.005303595,0.02588279,0.1213134,0.025759764,0.12150688,0.125,True
35,0.08375049,0.004147458,0.0032304283,0.22738247,0.02578121,0.057692748,0.0625,True
36,0.041777562,0.004577617,0.009433805,0.23072124,0.025755238,0.120326005,0.0625,True
37,0.04137285,0.0028815556,0.0030917497,0.11620263,0.025742596,0.05757935,0.0,True
38,0.043493416,0.0071716215,0.026152179,0.23283684,0.025774185,0.12185846,0.125,True
39,0.08375049,0.004147458,0.0032304283,0.22738247,0.02578121,0.057692748,0.0625,True
40,0.08444805,0.0037322114,0.011409313,0.11698895,0.02576004,0.058314074,0.09375,True
41,0.16751271,0.013883274,0.0065976772,0.39854485,0.025947504,0.058227234,0.125,True
42,0.084293775,0.0048693307,0.013507573,0.11914887,0.025761748,0.119975455,0.09375,True
43,0.043666016,0.010257538,0.046181496,0.4034487,0.025804667,0.12192728,0.15625,True
44,0.084044546,0.003321872,0.012861723,0.11914302,0.025750933,0.119956665,0.09375,True
45,0.04147182,0.0029914272,0.005133874,0.11629844,0.025747871,0.05767387,0.03125,True
46,0.083817355,0.0070874346,0.0033251,0.22737375,0.025807582,0.057694834,0.0625,True
47,0.042119585,0.007715599,0.015404797,0.40246812,0.025772793,0.12117201,0.09375,True
48,0.16836238,0.0065424005,0.013799188,0.117283836,0.025867812,0.05859309,0.125,True
49,0.08587796,0.007304418,0.026171632,0.23287112,0.025808327,0.121875726,0.15625,True
50,0.1677636,0.005613405,0.0071812817,0.11658781,0.02586373,0.057970904,0.09375,True
51,0.08389873,0.0043820646,0.0061008427,0.11704604,0.025760345,0.118383594,0.0625,True
52,0.04137285,0.0028815556,0.0030917497,0.11620263,0.025742596,0.05757935,0.0,True
53,0.083875515,0.006960104,0.005497558,0.39834,0.025835335,0.058037154,0.09375,True
54,0.0864872,0.01885445,0.04626157,0.40347517,0.026239455,0.12194695,0.1875,True
55,0.08506693,0.008819671,0.016435713,0.23229639,0.025813416,0.121441685,0.125,True
56,0.08405198,0.0032880679,0.010214088,0.11677826,0.025756957,0.058113817,0.09375,True
57,0.085940346,0.01014333,0.026169911,0.40340993,0.02587745,0.12186161,0.15625,True
58,0.04176418,0.004542986,0.0063590407,0.2280331,0.025769716,0.05829193,0.0625,True
59,0.084448606,0.00497152,0.010532353,0.2310931,0.025793578,0.12058228,0.09375,True
60,0.08557865,0.006762215,0.016885154,0.23255599,0.02580616,0.121639214,0.125,True
61,0.08370107,0.0041642855,0.0031245502,0.116206884,0.025759347,0.05758278,0.03125,True
62,0.084803745,0.0054883966,0.0146501735,0.23030055,0.025805267,0.060007714,0.125,True
63,0.08592575,0.0073638717,0.04616241,0.2328514,0.025781386,0.1218689,0.15625,True
64,0.0857756,0.01760767,0.015894476,0.40052056,0.026212718,0.059828505,0.125,True
65,0.16682877,0.0041866014,0.0031341575,0.11621293,0.025770565,0.057585288,0.0625,True
66,0.041384943,0.0028943522,0.0049732313,0.11626384,0.025742723,0.05763743,0.03125,True
67,0.0864872,0.01885445,0.04626157,0.40347517,0.026239455,0.12194695,0.1875,True
68,0.084448606,0.00497152,0.010532353,0.2310931,0.025793578,0.12058228,0.09375,True
69,0.0864872,0.01885445,0.04626157,0.40347517,0.026239455,0.12194695,0.1875,True
70,0.08613348,0.011342944,0.04620024,0.23282565,0.02594267,0.121857755,0.15625,True
71,0.31162483,0.01910384,0.026217034,0.40312648,0.02686204,0.06148408,0.21875,True
72,0.04137285,0.0028815556,0.0030917497,0.11620263,0.025742596,0.05757935,0.0,True
73,0.16686544,0.0029167894,0.0031160293,0.11622733,0.025788376,0.057587758,0.0625,True
74,0.16932297,0.011477927,0.046217963,0.23287489,0.025973657,0.121887706,0.1875,True
75,0.084448606,0.00497152,0.010532353,0.2310931,0.025793578,0.12058228,0.09375,True
76,0.0864872,0.01885445,0.04626157,0.40347517,0.026239455,0.12194695,0.1875,True
77,0.083749995,0.006963604,0.005036247,0.2272986,0.02577299,0.057629038,0.0625,True
78,0.084044546,0.003321872,0.012861723,0.11914302,0.025750933,0.119956665,0.09375,True
79,0.08444805,0.0037322114,0.011409313,0.11698895,0.02576004,0.058314074,0.09375,True
80,0.0864872,0.01885445,0.04626157,0.40347517,0.026239455,0.12194695,0.1875,True
81,0.0864872,0.01885445,0.04626157,0.40347517,0.026239455,0.12194695,0.1875,True
82,0.08399467,0.013472042,0.005760253,0.39828062,0.025852667,0.058038548,0.09375,True
83,0.0857756,0.01760767,0.015894476,0.40052056,0.026212718,0.059828505,0.125,True
84,0.084448606,0.00497152,0.010532353,0.2310931,0.025793578,0.12058228,0.09375,True
85,0.08533773,0.009810144,0.023991277,0.22929385,0.025933314,0.059333485,0.125,True
86,0.16798377,0.008365983,0.0148507785,0.23028973,0.025798004,0.12006111,0.125,True
87,0.16715382,0.004261199,0.0033316258,0.22748096,0.025932116,0.057732828,0.09375,True
88,0.043666016,0.010257538,0.046181496,0.4034487,0.025804667,0.12192728,0.15625,True
89,0.16682877,0.0041866014,0.0031341575,0.11621293,0.025770565,0.057585288,0.0625,True
90,0.08623346,0.018412977,0.026110802,0.40264767,0.026224632,0.061302327,0.15625,True
91,0.0864872,0.01885445,0.04626157,0.40347517,0.026239455,0.12194695,0.1875,True
92,0.08444346,0.0049321624,0.011159203,0.22789285,0.025776748,0.05818717,0.09375,True
93,0.16682877,0.0041866014,0.0031341575,0.11621293,0.025770565,0.057585288,0.0625,True
94,0.08370107,0.0041642855,0.0031245502,0.116206884,0.025759347,0.05758278,0.03125,True
95,0.043666016,0.010257538,0.046181496,0.4034487,0.025804667,0.12192728,0.15625,True
96,0.08613348,0.011342944,0.04620024,0.23282565,0.02594267,0.121857755,0.15625,True
97,0.16686544,0.0029167894,0.0031160293,0.11622733,0.025788376,0.057587758,0.0625,True
98,0.0857756,0.01760767,0.015894476,0.40052056,0.026212718,0.059828505,0.125,True
99,0.08613348,0.011342944,0.04620024,0.23282565,0.02594267,0.121857755,0.15625,True
100,0.08626707,0.011891155,0.02625553,0.23289935,0.026051182,0.121907055,0.15625,True
101,0.08613112,0.011626363,0.017088573,0.23263362,0.026043622,0.12171258,0.125,True
102,0.04137285,0.0028815556,0.0030917497,0.11620263,0.025742596,0.05757935,0.0,True
103,0.16682877,0.0041866014,0.0031341575,0.11621293,0.025770565,0.057585288,0.0625,True
104,0.0864872,0.01885445,0.04626157,0.40347517,0.026239455,0.12194695,0.1875,True
105,0.0864872,0.01885445,0.04626157,0.40347517,0.026239455,0.12194695,0.1875,True
106,0.3086024,0.0042563123,0.0032085588,0.11624425,0.02581475,0.057603285,0.09375,True
107,0.0837319,0.0041965554,0.005041496,0.11627487,0.025759911,0.05764812,0.0625,True
108,0.08370107,0.0041642855,0.0031245502,0.116206884,0.025759347,0.05758278,0.03125,True
109,0.083692774,0.0029026815,0.0049850214,0.11627423,0.02574972,0.057644416,0.0625,True
110,0.0864872,0.01885445,0.04626157,0.40347517,0.026239455,0.12194695,0.1875,True
111,0.084293775,0.0048693307,0.013507573,0.11914887,0.025761748,0.119975455,0.09375,True
112,0.0864872,0.01885445,0.04626157,0.40347517,0.026239455,0.12194695,0.1875,True
113,0.08367783,0.0028872546,0.0030946038,0.11620707,0.025749406,0.057580803,0.03125,True
114,0.08509776,0.0150790205,0.016373869,0.40269855,0.025857976,0.121353686,0.125,True
115,0.08613112,0.011626363,0.017088573,0.23263362,0.026043622,0.12171258,0.125,True
116,0.16686544,0.0029167894,0.0031160293,0.11622733,0.025788376,0.057587758,0.0625,True
117,0.16937849,0.018333597,0.016578857,0.4010703,0.026346508,0.060182963,0.15625,True
118,0.16943237,0.011936731,0.017138027,0.23274767,0.026115902,0.12178655,0.15625,True
119,0.16969128,0.018914387,0.026287679,0.40347844,0.026364146,0.12191682,0.1875,True
120,0.1692462,0.0113033615,0.026171654,0.23245911,0.025967441,0.121592246,0.15625,True
121,0.16682877,0.0041866014,0.0031341575,0.11621293,0.025770565,0.057585288,0.0625,True
122,0.16733944,0.004740659,0.0071545476,0.117328525,0.025773399,0.11862709,0.09375,True
123,0.08367783,0.0028872546,0.0030946038,0.11620707,0.025749406,0.057580803,0.03125,True
124,0.0864872,0.01885445,0.04626157,0.40347517,0.026239455,0.12194695,0.1875,True
125,0.16682877,0.0041866014,0.0031341575,0.11621293,0.025770565,0.057585288,0.0625,True
126,0.08626707,0.011891155,0.02625553,0.23289935,0.026051182,0.121907055,0.15625,True
127,0.0857756,0.01760767,0.015894476,0.40052056,0.026212718,0.059828505,0.125,True
128,0.16951017,0.018719133,0.026151713,0.40278998,0.026374048,0.06135947,0.1875,True
129,0.30910853,0.007521349,0.010446606,0.22783336,0.025877887,0.05808215,0.15625,True
130,0.084558986,0.005161738,0.015745927,0.23214783,0.0257849,0.12131062,0.125,True
131,0.16893822,0.016309142,0.02609491,0.40333858,0.025954377,0.12179522,0.1875,True
132,0.1684462,0.015437415,0.016544756,0.40284407,0.025947554,0.12142067,0.15625,True
133,0.08623346,0.018412977,0.026110802,0.40264767,0.026224632,0.061302327,0.15625,True
134,0.08530359,0.00501383,0.016130857,0.1199979,0.025761442,0.120608136,0.09375,True
135,0.08469181,0.008736718,0.011548528,0.22782367,0.025927348,0.05813929,0.09375,True
136,0.16756617,0.0037453235,0.014159168,0.11956792,0.025791898,0.12025522,0.125,True
137,0.08587796,0.007304418,0.026171632,0.23287112,0.025808327,0.121875726,0.15625,True
138,0.04137285,0.0028815556,0.0030917497,0.11620263,0.025742596,0.05757935,0.0,True
139,0.16932435,0.007652146,0.026213547,0.23297267,0.025985826,0.12191751,0.1875,True
140,0.08427281,0.007591459,0.0129324645,0.22973989,0.02577519,0.11965483,0.09375,True
141,0.08613112,0.011626363,0.017088573,0.23263362,0.026043622,0.12171258,0.125,True
142,0.16918616,0.011438409,0.016640095,0.23092899,0.026113104,0.060480323,0.15625,True
143,0.16682877,0.0041866014,0.0031341575,0.11621293,0.025770565,0.057585288,0.0625,True
144,0.043666016,0.010257538,0.046181496,0.4034487,0.025804667,0.12192728,0.15625,True
145,0.042123515,0.005014206,0.01554798,0.23206918,0.025756288,0.12126242,0.09375,True
146,0.0857756,0.01760767,0.015894476,0.40052056,0.026212718,0.059828505,0.125,True
147,0.08370107,0.0041642855,0.0031245502,0.116206884,0.025759347,0.05758278,0.03125,True
148,0.08613348,0.011342944,0.04620024,0.23282565,0.02594267,0.121857755,0.15625,True
149,0.08367783,0.0028872546,0.0030946038,0.11620707,0.025749406,0.057580803,0.03125,True
150,0.0864872,0.01885445,0.04626157,0.40347517,0.026239455,0.12194695,0.1875,True
151,0.16971608,0.018972937,0.046265088,0.4035293,0.026379291,0.121953145,0.21875,True
152,0.08561729,0.010662699,0.016018469,0.23043951,0.026039695,0.060141623,0.125,True
153,0.16711308,0.0031848906,0.00643355,0.117293306,0.025789604,0.11857242,0.09375,True
154,0.31022257,0.0068658665,0.014231895,0.11740345,0.02593072,0.058680147,0.15625,True
155,0.16682877,0.0041866014,0.0031341575,0.11621293,0.025770565,0.057585288,0.0625,True
156,0.08398555,0.0070463144,0.005731824,0.3984193,0.025848284,0.058112986,0.09375,True
157,0.08595508,0.010984035,0.026085187,0.23228505,0.025937175,0.12147263,0.125,True
158,0.0423086,0.007986536,0.013613134,0.40017834,0.025799083,0.05955238,0.09375,True
159,0.085641764,0.01600298,0.026044672,0.40324685,0.025861934,0.12176259,0.15625,True
160,0.1689378,0.007626746,0.016676992,0.120201424,0.025870362,0.12076529,0.125,True
161,0.16682877,0.0041866014,0.0031341575,0.11621293,0.025770565,0.057585288,0.0625,True
162,0.16971183,0.019065648,0.04626626,0.4035283,0.026391158,0.121949606,0.21875,True
163,0.16715382,0.004261199,0.0033316258,0.22748096,0.025932116,0.057732828,0.09375,True
164,0.16680841,0.0041681104,0.0031260094,0.11620744,0.025760382,0.057583194,0.0625,True
165,0.16686544,0.0029167894,0.0031160293,0.11622733,0.025788376,0.057587758,0.0625,True
166,0.084023155,0.0044865813,0.012263592,0.22974913,0.025761927,0.11963921,0.09375,True
167,0.16912153,0.018049771,0.016172573,0.40077326,0.026357895,0.05995636,0.15625,True
168,0.31037134,0.010152517,0.014183687,0.22831845,0.026069518,0.05854552,0.15625,True
169,0.16695215,0.0043013496,0.005235936,0.11632705,0.025772877,0.05769763,0.09375,True
170,0.08587039,0.0077618193,0.026096463,0.121401146,0.02585645,0.1215832,0.125,True
171,0.08433779,0.013926627,0.012469314,0.39990276,0.025856573,0.059329025,0.125,True
172,0.1692139,0.007434181,0.017051362,0.23277014,0.025979219,0.12176668,0.15625,True
173,0.16935842,0.011909014,0.017111104,0.23268774,0.026124757,0.121741,0.15625,True
174,0.083805226,0.003026258,0.005194242,0.11631806,0.025756154,0.0576905,0.0625,True
175,0.16936752,0.010223394,0.026041051,0.4030511,0.026230851,0.06143032,0.1875,True
176,0.043005407,0.009070142,0.025585238,0.40243995,0.025802122,0.061140444,0.125,True
177,0.16706915,0.004452229,0.006289607,0.117129534,0.025771778,0.1184513,0.09375,True
178,0.8377624,0.06336913,0.08740242,0.23196319,0.062022883,0.11902052,0.375,True
179,0.6964637,0.6046418,0.50429815,0.23318508,0.4051299,0.23023273,0.5,True
180,0.838141,0.40532306,0.17111416,0.4042038,0.12366693,0.40079603,0.53125,True
181,0.6964873,0.063724406,0.04621338,0.60421365,0.063604005,0.060925875,0.40625,True
182,0.041406307,0.0041488274,0.0031091047,0.11620632,0.025761105,0.057580724,0.03125,True
183,0.31331778,0.12371892,0.045925505,0.6040449,0.12354033,0.12063107,0.34375,True
184,0.92121106,0.23480159,0.0154004935,0.6033826,0.23470482,0.11893809,0.4375,True
185,0.83810055,0.23480229,0.086165875,0.23299211,0.40519768,0.399846,0.5,True
186,0.92125297,0.6046477,0.08852555,0.60425484,0.23470624,0.12109456,0.53125,True
187,0.96353585,0.40532196,0.17161983,0.4049016,0.12364057,0.23209174,0.5,True
188,0.6964562,0.123744234,0.08842078,0.60414493,0.123573594,0.23184182,0.40625,True
189,0.69633746,0.4053059,0.1709792,0.23022678,0.12267454,0.11898399,0.40625,True
190,0.6958452,0.019545149,0.024388678,0.23264566,0.06150558,0.11897034,0.3125,True
191,0.50458527,0.03243337,0.040201053,0.6031109,0.12322233,0.058645323,0.34375,True
192,0.838083,0.123746835,0.08776801,0.23311657,0.40503937,0.11907073,0.40625,True
193,0.5044229,0.12170529,0.084527895,0.60270077,0.12254813,0.11875604,0.34375,True
194,0.69645137,0.40530857,0.08693324,0.60338444,0.123658866,0.2300095,0.4375,True
195,0.6963896,0.03418699,0.088214755,0.6041696,0.06334229,0.23193863,0.40625,True
196,0.31330428,0.7751463,0.17147695,0.60295737,0.12328558,0.23147291,0.40625,True
197,0.50490123,0.06369178,0.0884186,0.60420066,0.1235879,0.06091073,0.40625,True
198,0.5033806,0.23460034,0.02284297,0.1168535,0.11859333,0.11804068,0.28125,True
199,0.83802056,0.020914651,0.02550488,0.23231253,0.06312708,0.058978736,0.34375,True
200,0.6963995,0.06355834,0.046018973,0.60409445,0.123396784,0.120754935,0.375,True
201,0.08421914,0.027668605,0.009428604,0.22742742,0.055319034,0.11776214,0.125,True
202,0.8381296,0.12376983,0.026183937,0.40480268,0.40517098,0.12083003,0.40625,True
203,0.5047567,0.12326276,0.08510687,0.6033305,0.23446448,0.11895991,0.375,True
204,0.50480294,0.40516332,0.021777678,0.6031775,0.40513426,0.058607306,0.375,True
205,0.50488603,0.6045334,0.6964203,0.8859931,0.23455785,0.6028203,0.59375,True
206,0.8381358,0.40532094,0.17161418,0.40487605,0.23467134,0.12102625,0.4375,True
207,0.31316283,0.4053012,0.045310736,0.40081853,0.06251189,0.23013212,0.34375,True
208,0.5047064,0.063341886,0.045691308,0.6039119,0.23411262,0.060426548,0.34375,True
209,0.5047302,0.23478548,0.044718497,0.22920975,0.06251816,0.22943568,0.34375,True
210,0.16940315,0.06202349,0.02122052,0.11672162,0.11707144,0.05791201,0.21875,True
211,0.311383,0.058847792,0.0191281,0.39930314,0.058272824,0.22894944,0.25,True
212,0.50465745,0.06363434,0.023043308,0.22895327,0.06250162,0.118125066,0.3125,True
213,0.69648576,0.12377417,0.17161232,0.60422784,0.40519947,0.1210249,0.46875,True
214,0.3132433,0.23477691,0.01320222,0.6022366,0.12354514,0.058371264,0.3125,True
215,0.31217045,0.23468947,0.0428412,0.11696548,0.11954955,0.118041605,0.28125,True
216,0.92117125,0.063524164,0.025807599,0.60417,0.12349546,0.12082098,0.4375,True
217,0.83814424,0.123775885,0.046217494,0.60422176,0.06360575,0.060951613,0.4375,True
218,0.92115843,0.7751447,0.08845787,0.4034294,0.4045908,0.060648803,0.46875,True
219,0.31328773,0.123713106,0.026091078,0.60402715,0.40497142,0.06065117,0.3125,True
220,0.8337136,0.007046512,0.004948728,0.11630135,0.026039803,0.05759358,0.21875,True
221,0.8380426,0.063431375,0.04572918,0.60410774,0.12342068,0.060660973,0.40625,True
222,0.3102545,0.23057051,0.08105035,0.11644489,0.39812493,0.22869585,0.3125,True
223,0.83797,0.06320919,0.045700006,0.40455553,0.12310319,0.060605273,0.375,True
224,0.921252,0.6046474,0.04620499,0.6042074,0.40521377,0.06088231,0.5,True
225,0.921253,0.60464776,0.04621079,0.604214,0.23470798,0.12094233,0.5,True
226,0.6964876,0.123774916,0.088510625,0.60424435,0.23469803,0.12105724,0.46875,True
227,0.087754436,0.016849367,0.023905322,0.60356414,0.121535614,0.06008469,0.21875,True
228,0.3123954,0.23469165,0.17022298,0.117385544,0.059033588,0.39998284,0.34375,True
229,0.16730915,0.027712429,0.08062272,0.11627452,0.22643267,0.39919856,0.25,True
230,0.92072904,0.23473997,0.024457712,0.11759958,0.23213325,0.05828539,0.375,True
231,0.08625183,0.030176098,0.01842585,0.116764195,0.057682417,0.22869402,0.1875,True
232,0.6964843,0.12377313,0.08850134,0.60421956,0.23468825,0.060948975,0.4375,True
233,0.17105828,0.032987647,0.020067284,0.6026937,0.12277295,0.118497886,0.28125,True
234,0.92038774,0.12363088,0.015319754,0.1173629,0.11969406,0.058272526,0.34375,True
235,0.92125356,0.88619584,0.17161568,0.6042272,0.40521625,0.232028,0.5625,True
236,0.8381485,0.88619596,0.17162305,0.60424256,0.60453904,0.23207918,0.5625,True
237,0.9210484,0.40529892,0.02572964,0.23046654,0.2334011,0.059312277,0.40625,True
238,0.17154585,0.063291475,0.087283835,0.6039123,0.1233466,0.23133178,0.3125,True
239,0.6964843,0.12377313,0.08850134,0.60421956,0.23468825,0.060948975,0.4375,True
240,0.084468566,0.0076641557,0.020560754,0.22840694,0.055110447,0.058570806,0.15625,True
241,0.92125237,0.6046475,0.046217345,0.6042351,0.40521488,0.12101402,0.53125,True
242,0.16991653,0.06307768,0.04574071,0.40085703,0.027395349,0.23108302,0.21875,True
243,0.31314966,0.034105785,0.02128152,0.6030013,0.063393496,0.11855145,0.28125,True
244,0.8374588,0.2346863,0.024432957,0.11747478,0.2313663,0.058276124,0.34375,True
245,0.6964876,0.123774916,0.088510625,0.60424435,0.23469803,0.12105724,0.46875,True
246,0.92114264,0.77514327,0.08807411,0.23100871,0.23397776,0.2304852,0.46875,True
247,0.921253,0.60464776,0.04621079,0.604214,0.23470798,0.12094233,0.5,True
248,0.92083853,0.4052485,0.0453879,0.22952664,0.23224245,0.05880665,0.40625,True
249,0.3120411,0.01955705,0.025960086,0.40274793,0.028337814,0.12061423,0.25,True
250,0.92125285,0.4053254,0.04622987,0.6042485,0.23470612,0.061020125,0.5,True
251,0.08374852,0.0129603995,0.018084755,0.116221316,0.055035166,0.22867467,0.125,True
252,0.1715154,0.034078162,0.025915448,0.60385185,0.122964785,0.06053051,0.25,True
253,0.0839014,0.0069437013,0.005112256,0.22742784,0.055095207,0.057720155,0.09375,True
254,0.8380585,0.40531743,0.046162274,0.40325844,0.12303826,0.12067801,0.4375,True
255,0.08690272,0.016253151,0.010480993,0.6018542,0.06044003,0.058334548,0.1875,True
256,0.083759375,0.012972065,0.038065225,0.116257936,0.055050515,0.3991887,0.1875,True
257,0.16730434,0.007331133,0.019159818,0.11649743,0.115091965,0.05785796,0.15625,True
258,0.6964876,0.123774916,0.088510625,0.60424435,0.23469803,0.12105724,0.46875,True
259,0.31315088,0.7751402,0.3131813,0.40280285,0.23333068,0.23164253,0.4375,True
260,0.31327465,0.2347844,0.0228856,0.6027534,0.12360075,0.058543287,0.34375,True
261,0.08668591,0.12282453,0.08798522,0.40116867,0.056495253,0.40169227,0.25,True
262,0.838042,0.40531388,0.04574223,0.23055637,0.122896686,0.11935723,0.40625,True
263,0.087677255,0.01986054,0.01629168,0.6030981,0.060574118,0.06016488,0.1875,True
264,0.5004364,0.026914544,0.018593283,0.22752291,0.11522843,0.057725593,0.21875,True
265,0.16749954,0.013265848,0.009289031,0.22759286,0.02615589,0.22884414,0.15625,True
266,0.8381471,0.40532553,0.046201423,0.60418516,0.12366496,0.120881714,0.46875,True
267,0.83760846,0.0636511,0.0153324185,0.11753299,0.06098779,0.058265615,0.3125,True
268,0.17122397,0.06331957,0.04560128,0.60381776,0.40398136,0.23149875,0.3125,True
269,0.8380664,0.6046405,0.08845026,0.40306213,0.062987484,0.23166408,0.4375,True
270,0.31318387,0.12284335,0.08779192,0.60405356,0.4047104,0.12061613,0.34375,True
271,0.92072463,0.12370469,0.015371028,0.1175675,0.12107989,0.058280226,0.34375,True
272,0.30852073,0.013073397,0.018138649,0.11623362,0.2261321,0.22868517,0.21875,True
273,0.83814883,0.77515554,0.31328806,0.6042491,0.23470812,0.2321198,0.5625,True
274,0.8379494,0.23479514,0.0454615,0.22968093,0.062337294,0.11886295,0.375,True
275,0.31280482,0.030385166,0.019594606,0.60297287,0.40439644,0.22961965,0.3125,True
276,0.8380664,0.6046405,0.08845026,0.40306213,0.062987484,0.23166408,0.4375,True
277,0.08828012,0.034328304,0.04581346,0.6036327,0.12273665,0.23138781,0.25,True
278,0.8379624,0.12375732,0.01659733,0.23021987,0.06239643,0.059239045,0.34375,True
279,0.17156023,0.23472852,0.17143117,0.6040027,0.2342922,0.23171455,0.34375,True
280,0.16942084,0.12276123,0.08166191,0.116511956,0.22906901,0.39921156,0.3125,True
281,0.69615066,0.063677,0.02444017,0.11773171,0.121948116,0.058269497,0.3125,True
282,0.8381447,0.23481758,0.026222378,0.60415363,0.123657614,0.060800176,0.4375,True
283,0.08647319,0.062510565,0.04560808,0.4007571,0.026851907,0.2310515,0.1875,True
284,0.6960466,0.06367617,0.04458736,0.117721304,0.23249552,0.39991656,0.375,True
285,0.5049118,0.063721105,0.016993918,0.6039686,0.123622276,0.060481504,0.34375,True
286,0.83733356,0.12353103,0.011353888,0.116940804,0.121227175,0.057664737,0.3125,True
287,0.9200055,0.23448052,0.020231929,0.11689215,0.40173495,0.22876061,0.40625,True
288,0.088077195,0.03394696,0.025483347,0.60325426,0.12193574,0.06019869,0.21875,True
289,0.8378957,0.23478723,0.086814746,0.117920294,0.40393206,0.22940542,0.4375,True
290,0.08647319,0.062510565,0.04560808,0.4007571,0.026851907,0.2310515,0.1875,True
291,0.8381471,0.40532553,0.046201423,0.60418516,0.12366496,0.120881714,0.46875,True
292,0.08415041,0.013754758,0.019296126,0.39845362,0.055157565,0.11821606,0.15625,True
293,0.92125297,0.40532547,0.08852499,0.6042545,0.40521365,0.121092945,0.53125,True
294,0.83790046,0.23478775,0.16993253,0.117935225,0.60327476,0.39991882,0.46875,True
295,0.9211397,0.6046326,0.046156056,0.40336707,0.23397987,0.06059567,0.4375,True
296,0.83814734,0.6046478,0.17160717,0.6042005,0.23470566,0.4024801,0.53125,True
297,0.16958348,0.018789694,0.045844633,0.40150622,0.05576247,0.12047982,0.21875,True
298,0.8381449,0.23481764,0.046195745,0.6041622,0.23469843,0.12087614,0.46875,True
299,0.92087567,0.40528104,0.08681613,0.11788167,0.6026983,0.22941613,0.46875,True
300,0.1711199,0.031797618,0.04110571,0.60279524,0.12256183,0.22975361,0.28125,True
301,0.83760846,0.0636511,0.0153324185,0.11753299,0.06098779,0.058265615,0.3125,True
302,0.086041644,0.018241093,0.045448463,0.40096357,0.055555455,0.12017515,0.1875,True
303,0.83814734,0.23481824,0.08851797,0.6042278,0.23470406,0.12103967,0.5,True
304,0.08525297,0.010173168,0.022746187,0.22853808,0.0553365,0.11878461,0.15625,True
305,0.92117614,0.60463965,0.046164718,0.40386584,0.123243265,0.12066328,0.4375,True
306,0.16924086,0.03203512,0.045383763,0.40087292,0.05570898,0.23111632,0.21875,True
307,0.31305638,0.032970387,0.020745859,0.6029564,0.23425396,0.11860919,0.28125,True
308,0.9212525,0.40532538,0.046215344,0.60423064,0.40521514,0.23203847,0.53125,True
309,0.16744603,0.013868134,0.01947609,0.3986411,0.05527661,0.11827518,0.1875,True
310,0.92125314,0.60464776,0.088506475,0.6042208,0.40521547,0.23200653,0.53125,True
311,0.921101,0.6046303,0.088455364,0.40329173,0.23375669,0.2317237,0.46875,True
312,0.3133677,0.40532285,0.08842137,0.6041111,0.23469414,0.12074087,0.40625,True
313,0.92097443,0.4052933,0.08778709,0.23001774,0.23310442,0.22995201,0.4375,True
314,0.17107043,0.009934861,0.010638208,0.6028763,0.062565744,0.05852633,0.21875,True
315,0.31262133,0.123655744,0.04373252,0.22928137,0.23190108,0.2298376,0.34375,True
316,0.9212511,0.4053249,0.026232006,0.6042004,0.23470436,0.06086174,0.46875,True
317,0.3130516,0.12357291,0.17061095,0.23053849,0.12173882,0.2304258,0.375,True
318,0.9212346,0.40531927,0.087818846,0.4040086,0.40519303,0.2301109,0.5,True
319,0.31335893,0.40532237,0.046091825,0.6039547,0.12362337,0.12055989,0.375,True
320,0.17151679,0.020602401,0.02601941,0.603983,0.06292984,0.06071058,0.25,True
321,0.16880399,0.12156799,0.16471028,0.11641985,0.39844775,0.22871472,0.3125,True
322,0.921253,0.60464776,0.04621079,0.604214,0.23470798,0.12094233,0.5,True
323,0.92111844,0.6046306,0.045713942,0.23064749,0.40431604,0.059335865,0.4375,True
324,0.08600287,0.01828177,0.025193598,0.4007842,0.055686668,0.23103788,0.1875,True
325,0.31328696,0.8861656,0.30990565,0.60286766,0.60449547,0.40012997,0.46875,True
326,0.08773403,0.0627156,0.087747626,0.60324496,0.4023737,0.12033441,0.28125,True
327,0.92064834,0.40525517,0.08678666,0.11767144,0.601707,0.22941005,0.46875,True
328,0.08796838,0.020241272,0.045719936,0.60358876,0.12158091,0.12050127,0.25,True
329,0.16937849,0.018333597,0.016578857,0.4010703,0.026346508,0.060182963,0.15625,True
330,0.31256995,0.12371506,0.045219406,0.22935723,0.11993588,0.11908264,0.3125,True
331,0.50451344,0.0316515,0.039678972,0.6030008,0.23415917,0.22958186,0.34375,True
332,0.31079376,0.031311087,0.1677916,0.116964065,0.39762148,0.59909177,0.3125,True
333,0.50484496,0.23478511,0.013518278,0.6028415,0.12363149,0.058451302,0.34375,True
334,0.16756023,0.026897889,0.00994893,0.39902607,0.11559352,0.11825365,0.1875,True
335,0.50490856,0.40532106,0.046077304,0.60396564,0.4051595,0.12059915,0.40625,True
336,0.31011394,0.057751745,0.16915591,0.40091375,0.22655408,0.2309732,0.3125,True
337,0.31256327,0.4052354,0.04293868,0.39941972,0.060981255,0.11845294,0.3125,True
338,0.5041238,0.12370203,0.044170458,0.117325336,0.23123814,0.22931813,0.34375,True
339,0.6960321,0.06242336,0.011104347,0.6028452,0.12310035,0.11844189,0.3125,True
340,0.696139,0.40529746,0.026065152,0.40208292,0.12155673,0.06030234,0.34375,True
341,0.16783862,0.013523797,0.018413667,0.22786672,0.11580235,0.3993751,0.21875,True
342,0.16968195,0.029542863,0.010234307,0.6012208,0.059643425,0.11828247,0.21875,True
343,0.5048266,0.12369305,0.013034521,0.60309285,0.12361608,0.0585601,0.34375,True
344,0.5002908,0.013031071,0.03815588,0.22780651,0.2264078,0.2287541,0.28125,True
345,0.17030057,0.123116694,0.088069424,0.4012979,0.117397256,0.12014912,0.25,True
346,0.6964883,0.23481753,0.026218574,0.6041463,0.123657316,0.060779344,0.40625,True
347,0.31153184,0.03400937,0.011219439,0.11655077,0.118744306,0.11769422,0.21875,True
348,0.69646215,0.2348122,0.08833877,0.6040254,0.23466128,0.23160492,0.4375,True
349,0.30919343,0.11707839,0.08179267,0.39862427,0.11541062,0.11827332,0.28125,True
350,0.5049225,0.23481348,0.046128236,0.6041327,0.12364963,0.1207848,0.40625,True
351,0.31329188,0.06367297,0.025978133,0.60404885,0.12349291,0.23161554,0.3125,True
352,0.311961,0.23428527,0.08319616,0.11682631,0.23037133,0.11784763,0.3125,True
353,0.5046899,0.013352998,0.025419075,0.60406387,0.123013064,0.23170072,0.34375,True
354,0.5042517,0.23474213,0.04572274,0.40154353,0.060379956,0.12010507,0.34375,True
355,0.5049297,0.40532452,0.17158458,0.60420376,0.4052112,0.23197795,0.5,True
356,0.085940346,0.01014333,0.026169911,0.40340993,0.02587745,0.12186161,0.15625,True
357,0.04176418,0.004542986,0.0063590407,0.2280331,0.025769716,0.05829193,0.0625,True
358,0.084448606,0.00497152,0.010532353,0.2310931,0.025793578,0.12058228,0.09375,True
359,0.08557865,0.006762215,0.016885154,0.23255599,0.02580616,0.121639214,0.125,True
360,0.08370107,0.0041642855,0.0031245502,0.116206884,0.025759347,0.05758278,0.03125,True
361,0.084803745,0.0054883966,0.0146501735,0.23030055,0.025805267,0.060007714,0.125,True
362,0.16903855,0.0073707327,0.046163134,0.23286594,0.025790531,0.12187107,0.1875,True
363,0.0857756,0.01760767,0.015894476,0.40052056,0.026212718,0.059828505,0.125,True
364,0.16682877,0.0041866014,0.0031341575,0.11621293,0.025770565,0.057585288,0.0625,True
365,0.083677895,0.0028950768,0.00497557,0.11626695,0.025743378,0.05763952,0.0625,True
366,0.0864872,0.01885445,0.04626157,0.40347517,0.026239455,0.12194695,0.1875,True
367,0.084448606,0.00497152,0.010532353,0.2310931,0.025793578,0.12058228,0.09375,True
368,0.0864872,0.01885445,0.04626157,0.40347517,0.026239455,0.12194695,0.1875,True
369,0.08613348,0.011342944,0.04620024,0.23282565,0.02594267,0.121857755,0.15625,True
370,0.31162483,0.01910384,0.026217034,0.40312648,0.02686204,0.06148408,0.21875,True
371,0.04137285,0.0028815556,0.0030917497,0.11620263,0.025742596,0.05757935,0.0,True
372,0.16686544,0.0029167894,0.0031160293,0.11622733,0.025788376,0.057587758,0.0625,True
373,0.16932435,0.007652146,0.026213547,0.23297267,0.025985826,0.12191751,0.1875,True
374,0.08427281,0.007591459,0.0129324645,0.22973989,0.02577519,0.11965483,0.09375,True
375,0.08613112,0.011626363,0.017088573,0.23263362,0.026043622,0.12171258,0.125,True
376,0.3108591,0.01147604,0.016656531,0.23098665,0.026130784,0.060507797,0.1875,True
377,0.16682877,0.0041866014,0.0031341575,0.11621293,0.025770565,0.057585288,0.0625,True
378,0.043666016,0.010257538,0.046181496,0.4034487,0.025804667,0.12192728,0.15625,True
379,0.042123515,0.005014206,0.01554798,0.23206918,0.025756288,0.12126242,0.09375,True
380,0.0857756,0.01760767,0.015894476,0.40052056,0.026212718,0.059828505,0.125,True
381,0.08370107,0.0041642855,0.0031245502,0.116206884,0.025759347,0.05758278,0.03125,True
382,0.08613348,0.011342944,0.04620024,0.23282565,0.02594267,0.121857755,0.15625,True
383,0.08367783,0.0028872546,0.0030946038,0.11620707,0.025749406,0.057580803,0.03125,True
384,0.0864872,0.01885445,0.04626157,0.40347517,0.026239455,0.12194695,0.1875,True
385,0.16971608,0.018972937,0.046265088,0.4035293,0.026379291,0.121953145,0.21875,True
386,0.08626707,0.011891155,0.02625553,0.23289935,0.026051182,0.121907055,0.15625,True
387,0.08613112,0.011626363,0.017088573,0.23263362,0.026043622,0.12171258,0.125,True
388,0.04137285,0.0028815556,0.0030917497,0.11620263,0.025742596,0.05757935,0.0,True
389,0.16682877,0.0041866014,0.0031341575,0.11621293,0.025770565,0.057585288,0.0625,True
390,0.0864872,0.01885445,0.04626157,0.40347517,0.026239455,0.12194695,0.1875,True
391,0.0864872,0.01885445,0.04626157,0.40347517,0.026239455,0.12194695,0.1875,True
392,0.3086024,0.0042563123,0.0032085588,0.11624425,0.02581475,0.057603285,0.09375,True
393,0.0837319,0.0041965554,0.005041496,0.11627487,0.025759911,0.05764812,0.0625,True
394,0.08370107,0.0041642855,0.0031245502,0.116206884,0.025759347,0.05758278,0.03125,True
395,0.083692774,0.0029026815,0.0049850214,0.11627423,0.02574972,0.057644416,0.0625,True
396,0.0864872,0.01885445,0.04626157,0.40347517,0.026239455,0.12194695,0.1875,True
397,0.084293775,0.0048693307,0.013507573,0.11914887,0.025761748,0.119975455,0.09375,True
398,0.16960895,0.018879505,0.046262,0.40349922,0.026269564,0.12194734,0.21875,True
399,0.08367783,0.0028872546,0.0030946038,0.11620707,0.025749406,0.057580803,0.03125,True
400,0.08509776,0.0150790205,0.016373869,0.40269855,0.025857976,0.121353686,0.125,True
401,0.08613112,0.011626363,0.017088573,0.23263362,0.026043622,0.12171258,0.125,True
402,0.16686544,0.0029167894,0.0031160293,0.11622733,0.025788376,0.057587758,0.0625,True
403,0.16937849,0.018333597,0.016578857,0.4010703,0.026346508,0.060182963,0.15625,True
404,0.16943237,0.011936731,0.017138027,0.23274767,0.026115902,0.12178655,0.15625,True
405,0.16969128,0.018914387,0.026287679,0.40347844,0.026364146,0.12191682,0.1875,True
406,0.1692462,0.0113033615,0.026171654,0.23245911,0.025967441,0.121592246,0.15625,True
407,0.16682877,0.0041866014,0.0031341575,0.11621293,0.025770565,0.057585288,0.0625,True
408,0.16733944,0.004740659,0.0071545476,0.117328525,0.025773399,0.11862709,0.09375,True
409,0.08367783,0.0028872546,0.0030946038,0.11620707,0.025749406,0.057580803,0.03125,True
410,0.0864872,0.01885445,0.04626157,0.40347517,0.026239455,0.12194695,0.1875,True
411,0.16682877,0.0041866014,0.0031341575,0.11621293,0.025770565,0.057585288,0.0625,True
412,0.08626707,0.011891155,0.02625553,0.23289935,0.026051182,0.121907055,0.15625,True
413,0.0857756,0.01760767,0.015894476,0.40052056,0.026212718,0.059828505,0.125,True
414,0.16715382,0.004261199,0.0033316258,0.22748096,0.025932116,0.057732828,0.09375,True
415,0.16680841,0.0041681104,0.0031260094,0.11620744,0.025760382,0.057583194,0.0625,True
416,0.084023155,0.0044865813,0.012263592,0.22974913,0.025761927,0.11963921,0.09375,True
417,0.16912153,0.018049771,0.016172573,0.40077326,0.026357895,0.05995636,0.15625,True
418,0.5019563,0.0101884175,0.014213294,0.22838175,0.026104067,0.058557745,0.1875,True
419,0.16695215,0.0043013496,0.005235936,0.11632705,0.025772877,0.05769763,0.09375,True
420,0.08587039,0.0077618193,0.026096463,0.121401146,0.02585645,0.1215832,0.125,True
421,0.08433779,0.013926627,0.012469314,0.39990276,0.025856573,0.059329025,0.125,True
422,0.1692139,0.007434181,0.017051362,0.23277014,0.025979219,0.12176668,0.15625,True
423,0.16935842,0.011909014,0.017111104,0.23268774,0.026124757,0.121741,0.15625,True
424,0.083805226,0.003026258,0.005194242,0.11631806,0.025756154,0.0576905,0.0625,True
425,0.16936752,0.010223394,0.026041051,0.4030511,0.026230851,0.06143032,0.1875,True
426,0.043005407,0.009070142,0.025585238,0.40243995,0.025802122,0.061140444,0.125,True
427,0.16706915,0.004452229,0.006289607,0.117129534,0.025771778,0.1184513,0.09375,True
428,0.16686544,0.0029167894,0.0031160293,0.11622733,0.025788376,0.057587758,0.0625,True
429,0.08367783,0.0028872546,0.0030946038,0.11620707,0.025749406,0.057580803,0.03125,True
430,0.16682877,0.0041866014,0.0031341575,0.11621293,0.025770565,0.057585288,0.0625,True
431,0.31012535,0.0063027814,0.025254775,0.12022656,0.025845999,0.120736204,0.1875,True
432,0.08421964,0.0043346453,0.009449841,0.22809955,0.055414625,0.05794891,0.125,True
433,0.16799085,0.008527007,0.015489024,0.23135993,0.025885684,0.1207629,0.15625,True
434,0.08368679,0.002892213,0.0049131038,0.11621369,0.02575354,0.057584606,0.0625,True
435,0.3085545,0.004320372,0.0031640339,0.1162195,0.025812546,0.057586215,0.09375,True
436,0.16703159,0.0043857098,0.009469812,0.11637297,0.025781468,0.05774059,0.125,True
437,0.16720702,0.0044620037,0.0031981142,0.11632931,0.055249166,0.05760331,0.09375,True
438,0.31058607,0.009727526,0.016528612,0.23191406,0.026138766,0.12110382,0.1875,True
439,0.30948675,0.0055455733,0.023937872,0.11971607,0.02583483,0.12036936,0.1875,True
440,0.043025866,0.0051019397,0.025780056,0.12122943,0.025751019,0.121446,0.09375,True
441,0.1680192,0.0060585113,0.012047799,0.116702355,0.025889305,0.05808149,0.125,True
442,0.16689415,0.0042446153,0.005041043,0.11623842,0.025780253,0.05760868,0.09375,True
443,0.16799085,0.008527007,0.015489024,0.23135993,0.025885684,0.1207629,0.15625,True
444,0.16920504,0.008263912,0.04616723,0.12161513,0.02590144,0.121735334,0.1875,True
445,0.08367783,0.0028872546,0.0030946038,0.11620707,0.025749406,0.057580803,0.03125,True
446,0.30987042,0.005915523,0.015650079,0.11987219,0.025820158,0.12049335,0.15625,True
447,0.084301665,0.005220037,0.010239563,0.116444565,0.025866138,0.057825472,0.09375,True
448,0.16861683,0.010170388,0.02440343,0.22947237,0.025974335,0.059458658,0.15625,True
449,0.043025866,0.0051019397,0.025780056,0.12122943,0.025751019,0.121446,0.09375,True
450,0.08587039,0.0077618193,0.026096463,0.121401146,0.02585645,0.1215832,0.125,True
451,0.16799085,0.008527007,0.015489024,0.23135993,0.025885684,0.1207629,0.15625,True
452,0.31022257,0.0068658665,0.014231895,0.11740345,0.02593072,0.058680147,0.15625,True
453,0.31076664,0.010171465,0.016971707,0.23269093,0.026044566,0.121696666,0.1875,True
454,0.1677636,0.005613405,0.0071812817,0.11658781,0.02586373,0.057970904,0.09375,True
455,0.043025866,0.0051019397,0.025780056,0.12122943,0.025751019,0.121446,0.09375,True
456,0.08367783,0.0028872546,0.0030946038,0.11620707,0.025749406,0.057580803,0.03125,True
457,0.08544544,0.005303595,0.02588279,0.1213134,0.025759764,0.12150688,0.125,True
458,0.04137285,0.0028815556,0.0030917497,0.11620263,0.025742596,0.05757935,0.0,True
459,0.16682877,0.0041866014,0.0031341575,0.11621293,0.025770565,0.057585288,0.0625,True
460,0.16905393,0.0079519795,0.026128542,0.1214583,0.02588065,0.12162229,0.15625,True
461,0.3086024,0.0042563123,0.0032085588,0.11624425,0.02581475,0.057603285,0.09375,True
462,0.08574264,0.005806233,0.02607432,0.12147249,0.025762832,0.12163038,0.125,True
463,0.3086024,0.0042563123,0.0032085588,0.11624425,0.02581475,0.057603285,0.09375,True
464,0.08544544,0.005303595,0.02588279,0.1213134,0.025759764,0.12150688,0.125,True
465,0.08375049,0.004147458,0.0032304283,0.22738247,0.02578121,0.057692748,0.0625,True
466,0.08446414,0.007926022,0.010399537,0.23087636,0.025810746,0.12044403,0.09375,True
467,0.08370107,0.0041642855,0.0031245502,0.116206884,0.025759347,0.05758278,0.03125,True
468,0.043493416,0.0071716215,0.026152179,0.23283684,0.025774185,0.12185846,0.125,True
469,0.08375049,0.004147458,0.0032304283,0.22738247,0.02578121,0.057692748,0.0625,True
470,0.08444805,0.0037322114,0.011409313,0.11698895,0.02576004,0.058314074,0.09375,True
471,0.16751271,0.013883274,0.0065976772,0.39854485,0.025947504,0.058227234,0.125,True
472,0.084293775,0.0048693307,0.013507573,0.11914887,0.025761748,0.119975455,0.09375,True
473,0.043666016,0.010257538,0.046181496,0.4034487,0.025804667,0.12192728,0.15625,True
474,0.084044546,0.003321872,0.012861723,0.11914302,0.025750933,0.119956665,0.09375,True
475,0.04147182,0.0029914272,0.005133874,0.11629844,0.025747871,0.05767387,0.03125,True
476,0.08370107,0.0041642855,0.0031245502,0.116206884,0.025759347,0.05758278,0.03125,True
477,0.083817355,0.0070874346,0.0033251,0.22737375,0.025807582,0.057694834,0.0625,True
478,0.042119585,0.007715599,0.015404797,0.40246812,0.025772793,0.12117201,0.09375,True
479,0.16836238,0.0065424005,0.013799188,0.117283836,0.025867812,0.05859309,0.125,True
480,0.08587796,0.007304418,0.026171632,0.23287112,0.025808327,0.121875726,0.15625,True
481,0.1677636,0.005613405,0.0071812817,0.11658781,0.02586373,0.057970904,0.09375,True
482,0.08389873,0.0043820646,0.0061008427,0.11704604,0.025760345,0.118383594,0.0625,True
483,0.04137285,0.0028815556,0.0030917497,0.11620263,0.025742596,0.05757935,0.0,True
484,0.083875515,0.006960104,0.005497558,0.39834,0.025835335,0.058037154,0.09375,True
485,0.0864872,0.01885445,0.04626157,0.40347517,0.026239455,0.12194695,0.1875,True
486,0.08506693,0.008819671,0.016435713,0.23229639,0.025813416,0.121441685,0.125,True
487,0.08405198,0.0032880679,0.010214088,0.11677826,0.025756957,0.058113817,0.09375,True
488,0.08561729,0.010662699,0.016018469,0.23043951,0.026039695,0.060141623,0.125,True
489,0.16711308,0.0031848906,0.00643355,0.117293306,0.025789604,0.11857242,0.09375,True
490,0.31022257,0.0068658665,0.014231895,0.11740345,0.02593072,0.058680147,0.15625,True
491,0.16682877,0.0041866014,0.0031341575,0.11621293,0.025770565,0.057585288,0.0625,True
492,0.08398555,0.0070463144,0.005731824,0.3984193,0.025848284,0.058112986,0.09375,True
493,0.08595508,0.010984035,0.026085187,0.23228505,0.025937175,0.12147263,0.125,True
494,0.0423086,0.007986536,0.013613134,0.40017834,0.025799083,0.05955238,0.09375,True
495,0.085641764,0.01600298,0.026044672,0.40324685,0.025861934,0.12176259,0.15625,True
496,0.1689378,0.007626746,0.016676992,0.120201424,0.025870362,0.12076529,0.125,True
497,0.16682877,0.0041866014,0.0031341575,0.11621293,0.025770565,0.057585288,0.0625,True
498,0.16971183,0.019065648,0.04626626,0.4035283,0.026391158,0.121949606,0.21875,True
499,0.16715382,0.004261199,0.0033316258,0.22748096,0.025932116,0.057732828,0.09375,True
500,0.16680841,0.0041681104,0.0031260094,0.11620744,0.025760382,0.057583194,0.0625,True
501,0.16686544,0.0029167894,0.0031160293,0.11622733,0.025788376,0.057587758,0.0625,True
502,0.084023155,0.0044865813,0.012263592,0.22974913,0.025761927,0.11963921,0.09375,True
503,0.31037134,0.010152517,0.014183687,0.22831845,0.026069518,0.05854552,0.15625,True
504,0.16695215,0.0043013496,0.005235936,0.11632705,0.025772877,0.05769763,0.09375,True
505,0.08587039,0.0077618193,0.026096463,0.121401146,0.02585645,0.1215832,0.125,True
506,0.08433779,0.013926627,0.012469314,0.39990276,0.025856573,0.059329025,0.125,True
507,0.1692139,0.007434181,0.017051362,0.23277014,0.025979219,0.12176668,0.15625,True
508,0.16935842,0.011909014,0.017111104,0.23268774,0.026124757,0.121741,0.15625,True
509,0.083805226,0.003026258,0.005194242,0.11631806,0.025756154,0.0576905,0.0625,True
510,0.16936752,0.010223394,0.026041051,0.4030511,0.026230851,0.06143032,0.1875,True
511,0.043005407,0.009070142,0.025585238,0.40243995,0.025802122,0.061140444,0.125,True
512,0.16706915,0.004452229,0.006289607,0.117129534,0.025771778,0.1184513,0.09375,True
513,0.16912153,0.018049771,0.016172573,0.40077326,0.026357895,0.05995636,0.15625,True
514,0.08626707,0.011891155,0.02625553,0.23289935,0.026051182,0.121907055,0.15625,True
515,0.08613112,0.011626363,0.017088573,0.23263362,0.026043622,0.12171258,0.125,True
516,0.04137285,0.0028815556,0.0030917497,0.11620263,0.025742596,0.05757935,0.0,True
517,0.16682877,0.0041866014,0.0031341575,0.11621293,0.025770565,0.057585288,0.0625,True
518,0.0864872,0.01885445,0.04626157,0.40347517,0.026239455,0.12194695,0.1875,True
519,0.0864872,0.01885445,0.04626157,0.40347517,0.026239455,0.12194695,0.1875,True
520,0.3086024,0.0042563123,0.0032085588,0.11624425,0.02581475,0.057603285,0.09375,True
521,0.16682877,0.0041866014,0.0031341575,0.11621293,0.025770565,0.057585288,0.0625,True
522,0.041384943,0.0028943522,0.0049732313,0.11626384,0.025742723,0.05763743,0.03125,True
523,0.0864872,0.01885445,0.04626157,0.40347517,0.026239455,0.12194695,0.1875,True
524,0.084448606,0.00497152,0.010532353,0.2310931,0.025793578,0.12058228,0.09375,True
525,0.0864872,0.01885445,0.04626157,0.40347517,0.026239455,0.12194695,0.1875,True
526,0.08613348,0.011342944,0.04620024,0.23282565,0.02594267,0.121857755,0.15625,True
527,0.31162483,0.01910384,0.026217034,0.40312648,0.02686204,0.06148408,0.21875,True
528,0.043025866,0.0051019397,0.025780056,0.12122943,0.025751019,0.121446,0.09375,True
529,0.16686544,0.0029167894,0.0031160293,0.11622733,0.025788376,0.057587758,0.0625,True
530,0.0864872,0.01885445,0.04626157,0.40347517,0.026239455,0.12194695,0.1875,True
531,0.16932297,0.011477927,0.046217963,0.23287489,0.025973657,0.121887706,0.1875,True
532,0.084448606,0.00497152,0.010532353,0.2310931,0.025793578,0.12058228,0.09375,True
533,0.0864872,0.01885445,0.04626157,0.40347517,0.026239455,0.12194695,0.1875,True
534,0.083749995,0.006963604,0.005036247,0.2272986,0.02577299,0.057629038,0.0625,True
535,0.084044546,0.003321872,0.012861723,0.11914302,0.025750933,0.119956665,0.09375,True
536,0.0864872,0.01885445,0.04626157,0.40347517,0.026239455,0.12194695,0.1875,True
537,0.08444805,0.0037322114,0.011409313,0.11698895,0.02576004,0.058314074,0.09375,True
538,0.0864872,0.01885445,0.04626157,0.40347517,0.026239455,0.12194695,0.1875,True
539,0.0864872,0.01885445,0.04626157,0.40347517,0.026239455,0.12194695,0.1875,True
540,0.08399467,0.013472042,0.005760253,0.39828062,0.025852667,0.058038548,0.09375,True
541,0.0857756,0.01760767,0.015894476,0.40052056,0.026212718,0.059828505,0.125,True
542,0.084448606,0.00497152,0.010532353,0.2310931,0.025793578,0.12058228,0.09375,True
543,0.9212584,0.99510664,0.98352045,0.8860053,0.9461386,0.9444538,0.875,True
544,0.04137285,0.0028815556,0.0030917497,0.11620263,0.025742596,0.05757935,0.0,True
545,0.9635507,0.99903107,0.998501,0.88600564,0.9753851,0.94445455,1.0,True
546,0.8381489,0.97549266,0.8381343,0.88596827,0.88608044,0.77317387,0.71875,True
547,0.9635211,0.60464656,0.5049389,0.40489778,0.6043629,0.7733455,0.65625,True
548,0.6964739,0.8861671,0.96351624,0.8860001,0.7749847,0.9444358,0.71875,True
549,0.8381528,0.9890112,0.9635512,0.886004,0.94613767,0.77336174,0.78125,True
550,0.50490624,0.2347878,0.31317633,0.40494922,0.4051629,0.77254057,0.53125,True
551,0.96355057,0.9890113,0.96355134,0.88600534,0.8860876,0.7733625,0.875,True
552,0.3132859,0.9462417,0.9212553,0.7747972,0.77470016,0.9444194,0.625,True
553,0.5049238,0.9890063,0.8380939,0.88596165,0.8860783,0.8841795,0.65625,True
554,0.9212512,0.8861951,0.8380042,0.60416484,0.88608354,0.77216077,0.71875,True
555,0.838153,0.9890112,0.9635513,0.886005,0.7750468,0.8844024,0.8125,True
556,0.83815205,0.9462485,0.921258,0.6044539,0.88608533,0.94444376,0.78125,True
557,0.8381507,0.98901063,0.9835193,0.88600373,0.94613314,0.8844005,0.8125,True
558,0.96352625,0.8861926,0.9635476,0.6044108,0.7749702,0.94442236,0.75,True
559,0.6964858,0.9462466,0.696473,0.7748423,0.40517434,0.40325734,0.59375,True
560,0.92125785,0.9754946,0.921259,0.88600355,0.8860857,0.7733615,0.78125,True
561,0.504845,0.946181,0.91742235,0.77370614,0.94610614,0.8810403,0.6875,True
562,0.96355057,0.9890113,0.96355134,0.88600546,0.7750472,0.88440317,0.875,True
563,0.5049371,0.94624823,0.92125887,0.8860007,0.7750399,0.88440156,0.71875,True
564,0.3133628,0.8861874,0.6964196,0.774924,0.7750324,0.884179,0.59375,True
565,0.8381503,0.9462483,0.92125905,0.6044442,0.88607657,0.8844013,0.71875,True
566,0.8381488,0.9978236,0.92123955,0.8859825,0.94613737,0.8842799,0.78125,True
567,0.8381475,0.9754929,0.9212458,0.77495545,0.7750413,0.88435495,0.71875,True
568,0.8381518,0.9462482,0.83814955,0.77496046,0.8860867,0.8843797,0.71875,True
569,0.6964935,0.9462472,0.8381313,0.88596225,0.77504367,0.6026377,0.65625,True
570,0.838152,0.9462481,0.92125857,0.88600445,0.6045367,0.884402,0.75,True
571,0.8380362,0.9462412,0.8381533,0.60424143,0.77458405,0.88439506,0.6875,True
572,0.9212553,0.99510556,0.9212434,0.8859859,0.9461381,0.94434714,0.8125,True
573,0.9212572,0.9754943,0.9212451,0.77493227,0.7750463,0.7731921,0.75,True
574,0.92125785,0.7751569,0.50493944,0.60445446,0.7750456,0.88439304,0.71875,True
575,0.504924,0.94624585,0.983518,0.88599473,0.8860484,0.9444504,0.75,True
576,0.9635472,0.94624764,0.69648015,0.77494085,0.7750462,0.7732371,0.6875,True
577,0.83814436,0.88619363,0.8380654,0.6043165,0.88608205,0.8837395,0.71875,True
578,0.9212584,0.9890112,0.9635513,0.8860053,0.9461386,0.8844026,0.84375,True
579,0.838153,0.9890113,0.9635513,0.886005,0.88608736,0.94445354,0.8125,True
580,0.8381495,0.9754939,0.83813226,0.88596195,0.6045363,0.7731422,0.71875,True
581,0.83815014,0.9462483,0.92125905,0.7749499,0.6045277,0.9444521,0.75,True
582,0.8381524,0.97549444,0.9212569,0.8860026,0.946138,0.88438773,0.78125,True
583,0.83815235,0.9754946,0.921259,0.8860041,0.8860856,0.8844023,0.78125,True
584,0.69645846,0.94623685,0.69640887,0.7749064,0.774999,0.88414466,0.625,True
585,0.838153,0.97549474,0.9635513,0.8860049,0.7750468,0.9444534,0.8125,True
586,0.83813864,0.94624674,0.83815104,0.6043744,0.60447526,0.6028214,0.65625,True
587,0.6964295,0.9461204,0.8379204,0.88596016,0.88597304,0.94420993,0.6875,True
588,0.92125815,0.98901117,0.96355116,0.8860051,0.94613796,0.94445354,0.84375,True
589,0.6964922,0.97549427,0.96355116,0.77493465,0.7750253,0.94445205,0.75,True
590,0.6964931,0.9462478,0.92125887,0.8859993,0.6045288,0.7733607,0.65625,True
591,0.8381309,0.97548705,0.921023,0.7746669,0.7750298,0.88320905,0.6875,True
592,0.8381431,0.9754938,0.9212581,0.6043824,0.88603663,0.94444084,0.75,True
593,0.6964934,0.9754942,0.92125684,0.8859997,0.7750394,0.94443506,0.71875,True
594,0.83815235,0.9754947,0.92125833,0.6044513,0.8860846,0.7733529,0.71875,True
595,0.83814937,0.97549355,0.8380904,0.7748257,0.88608587,0.8837617,0.75,True
596,0.6964778,0.9462466,0.92125857,0.77493775,0.6044854,0.9444498,0.6875,True
597,0.9212577,0.8861973,0.6964973,0.7749643,0.77504516,0.7733616,0.71875,True
598,0.69648916,0.9462474,0.9212549,0.77493924,0.775024,0.7733273,0.71875,True
599,0.96354926,0.9951063,0.9212555,0.77495927,0.8860859,0.8843812,0.8125,True
600,0.6964933,0.98901033,0.96353024,0.88596326,0.8860842,0.88418907,0.75,True
601,0.8381464,0.97549385,0.9212589,0.7749318,0.7750191,0.77336025,0.71875,True
602,0.69649583,0.9462484,0.9212589,0.7749636,0.7750444,0.94445294,0.71875,True
603,0.9212584,0.97549474,0.92125916,0.8860052,0.88608754,0.88440245,0.8125,True
604,0.8381432,0.9462464,0.83815145,0.7749415,0.77501625,0.8843833,0.6875,True
605,0.6964952,0.97549427,0.92124337,0.8859674,0.8860856,0.77317715,0.75,True
606,0.96354836,0.97549427,0.9212419,0.60441095,0.88608336,0.8841919,0.78125,True
607,0.6964967,0.9890112,0.9635513,0.8860045,0.7750466,0.8844023,0.78125,True
608,0.838153,0.9890112,0.92125916,0.886005,0.88608736,0.77336186,0.78125,True
609,0.83814263,0.94624716,0.9212585,0.7749438,0.88605577,0.8844001,0.71875,True
610,0.92125726,0.7751563,0.5049392,0.7749634,0.40521416,0.6028535,0.6875,True
611,0.6964931,0.9462474,0.83813614,0.8859829,0.7750456,0.9443335,0.71875,True
612,0.83815277,0.94624853,0.96355116,0.6044572,0.8860868,0.9444535,0.75,True
613,0.5045718,0.23478346,0.17170276,0.40440655,0.2327999,0.6026427,0.46875,True
614,0.9212582,0.9951065,0.9835203,0.88600516,0.94613814,0.88440263,0.875,True
615,0.921256,0.8861958,0.9635486,0.6044567,0.9461322,0.88440174,0.75,True
616,0.92125845,0.94624865,0.83815384,0.8860053,0.23471004,0.7733622,0.78125,True
617,0.8380598,0.9889984,0.92053366,0.60194814,0.8857249,0.88150275,0.6875,True
618,0.83814055,0.94624466,0.8381497,0.604435,0.6045021,0.7733338,0.65625,True
619,0.6964283,0.94605917,0.92109036,0.8859862,0.94598156,0.88430715,0.71875,True
620,0.69649136,0.94624794,0.9635492,0.604425,0.88606524,0.94442785,0.71875,True
621,0.8381492,0.9462473,0.3133649,0.88598275,0.60453814,0.77323955,0.65625,True
622,0.921258,0.94624853,0.98351866,0.60445136,0.8860861,0.9444317,0.8125,True
623,0.6964863,0.9462435,0.8380296,0.7747708,0.88608015,0.88352656,0.6875,True
624,0.6964872,0.98901,0.96353054,0.8859358,0.7750218,0.8841716,0.75,True
625,0.5049285,0.7751479,0.9212493,0.8859985,0.6045071,0.60285074,0.65625,True
626,0.5049199,0.97549325,0.83815324,0.77491605,0.77498215,0.77335817,0.65625,True
627,0.696495,0.7751564,0.9212568,0.405129,0.9461341,0.9444291,0.6875,True
628,0.8381378,0.88618886,0.9212504,0.7749463,0.8860422,0.7733313,0.65625,True
629,0.838152,0.94624823,0.92124647,0.88597554,0.7750464,0.7732078,0.78125,True
630,0.96354926,0.9951063,0.9635477,0.7749594,0.9461371,0.9444328,0.84375,True
631,0.696493,0.8861965,0.69649535,0.6044477,0.6045287,0.7733453,0.59375,True
632,0.838149,0.97549343,0.6964795,0.88598186,0.77504486,0.8842791,0.6875,True
633,0.6964361,0.9462053,0.695723,0.8857015,0.88605523,0.77205944,0.6875,True
634,0.8381441,0.9462438,0.696466,0.8859799,0.7750377,0.88426363,0.6875,True
635,0.9212546,0.94624615,0.9635487,0.60445535,0.8860766,0.7733608,0.71875,True
636,0.69648665,0.946246,0.69639564,0.774776,0.77503765,0.8835984,0.6875,True
637,0.6964932,0.88619685,0.6964969,0.8860024,0.40520862,0.6028525,0.65625,True
638,0.83815235,0.98901105,0.98350924,0.8859782,0.8860876,0.8842608,0.84375,True
639,0.6964744,0.40532178,0.5049356,0.6044083,0.1235953,0.7733282,0.5625,True
640,0.31257164,0.4051392,0.6964483,0.2329998,0.59959555,0.8841946,0.53125,True
641,0.696494,0.94624686,0.96354604,0.77495754,0.9461316,0.884376,0.75,True
642,0.838151,0.9462477,0.9212585,0.8860031,0.7750409,0.60285366,0.6875,True
643,0.31335595,0.9890043,0.8380655,0.88594264,0.94611686,0.88413244,0.65625,True
644,0.17121117,0.7751351,0.69649434,0.6031225,0.40183625,0.8843665,0.53125,True
645,0.8378458,0.77501774,0.69641054,0.60394967,0.7735993,0.94428843,0.625,True
646,0.83813274,0.94622314,0.96352124,0.88600224,0.94608337,0.88439655,0.78125,True
647,0.92125773,0.8861973,0.83815354,0.8860048,0.6045379,0.8844022,0.75,True
648,0.96350336,0.9754899,0.8381324,0.6039503,0.77474666,0.40327907,0.6875,True
649,0.83814543,0.9462447,0.50491714,0.8859626,0.6045236,0.4033245,0.625,True
650,0.69646466,0.60462296,0.6963848,0.6043918,0.7749984,0.7730715,0.625,True
651,0.17095032,0.88572943,0.6963567,0.6034145,0.6006373,0.602669,0.46875,True
652,0.9212584,0.97549474,0.92125916,0.8860052,0.88608754,0.88440245,0.8125,True
653,0.31336296,0.23480092,0.50491506,0.6044361,0.23465149,0.6028358,0.53125,True
654,0.96354616,0.9754932,0.96344465,0.7747393,0.8860867,0.8834171,0.84375,True
655,0.69649506,0.94624835,0.6964953,0.88600045,0.7750436,0.8843828,0.6875,True
656,0.83815134,0.98901075,0.9635356,0.8859691,0.8860859,0.88421696,0.78125,True
657,0.92125845,0.9890113,0.9835205,0.88600546,0.94613874,0.8844031,0.875,True
658,0.9635506,0.9754948,0.9635513,0.60445744,0.9461388,0.9444537,0.84375,True
659,0.6964833,0.7751544,0.31338036,0.7749212,0.23466244,0.60283035,0.5625,True
660,0.6963295,0.97544193,0.6910757,0.6018897,0.8859648,0.5987519,0.625,True
661,0.3133644,0.77515405,0.6964958,0.88598645,0.40516868,0.40352768,0.59375,True
662,0.9635485,0.97549456,0.9212584,0.6044449,0.8860792,0.94444495,0.8125,True
663,0.5049383,0.9462484,0.96355104,0.8860016,0.6045354,0.94445276,0.71875,True
664,0.83791035,0.77512544,0.96354693,0.77442276,0.4038489,0.8843922,0.6875,True
665,0.50490355,0.77515405,0.83815145,0.4049156,0.60435206,0.9444315,0.625,True
666,0.8381083,0.8861102,0.8380441,0.88599247,0.8859884,0.88432795,0.71875,True
667,0.8381509,0.97549427,0.92124665,0.7749325,0.8860837,0.8842478,0.75,True
668,0.8380913,0.6044784,0.6964136,0.8859966,0.40503046,0.23301473,0.625,True
669,0.6964933,0.7751562,0.83815265,0.8860003,0.6045303,0.7733593,0.6875,True
670,0.8377515,0.94621503,0.837901,0.40274838,0.6024579,0.40196297,0.625,True
671,0.3133627,0.8861891,0.8381322,0.8859546,0.7749955,0.602657,0.59375,True
672,0.6964053,0.2344903,0.5047658,0.77493834,0.23446739,0.4034416,0.5,True
673,0.69649416,0.77515507,0.83815026,0.8860036,0.7750401,0.7733598,0.71875,True
674,0.16963735,0.60251254,0.31286174,0.40321738,0.39826292,0.6023969,0.40625,True
675,0.6964189,0.23462565,0.921182,0.60443604,0.6042898,0.77335095,0.625,True
676,0.6964795,0.94624555,0.5048208,0.7745081,0.23464271,0.23195235,0.5625,True
677,0.50493526,0.88619524,0.9635459,0.7749535,0.7750348,0.9444251,0.71875,True
678,0.9635496,0.989011,0.9212474,0.7749356,0.77504635,0.7732135,0.8125,True
679,0.9635496,0.7751568,0.83814734,0.40511736,0.88608557,0.8843223,0.78125,True
680,0.69649297,0.40532526,0.50493765,0.88600266,0.40520674,0.60285306,0.625,True
681,0.1713618,0.232878,0.69637024,0.88593686,0.60311437,0.40350375,0.5,True
682,0.69603497,0.7751193,0.31280592,0.40096706,0.12115747,0.6003228,0.5,True
683,0.17022657,0.23259538,0.31290168,0.77447706,0.23040077,0.7729109,0.40625,True
684,0.96349233,0.8861917,0.6964218,0.4041123,0.77465737,0.6021052,0.6875,True
685,0.1717021,0.8861876,0.92096734,0.8857154,0.7750365,0.8831828,0.625,True
686,0.92125654,0.9462478,0.83815306,0.8860015,0.77504104,0.23302408,0.6875,True
687,0.08796995,0.23353493,0.31312177,0.8858579,0.4032745,0.60268503,0.4375,True
688,0.96351933,0.886194,0.8380861,0.40469813,0.6043985,0.8837064,0.71875,True
689,0.31312048,0.6046261,0.6964482,0.40430298,0.40388867,0.6025012,0.53125,True
690,0.17170931,0.77514946,0.31334996,0.8859812,0.6045121,0.4034487,0.53125,True
691,0.96336263,0.23466226,0.31332284,0.40500852,0.6038914,0.88422287,0.59375,True
692,0.5048317,0.123752184,0.088593856,0.40479526,0.06312826,0.6026067,0.40625,True
693,0.69649667,0.88619745,0.9835204,0.8860052,0.7750465,0.88440275,0.78125,True
694,0.1716446,0.94622797,0.9201306,0.40334198,0.8858998,0.60033286,0.5625,True
695,0.92125726,0.4053267,0.31338182,0.6044561,0.40521428,0.40353104,0.625,True
696,0.696468,0.6046212,0.5048674,0.885972,0.77499235,0.8842348,0.625,True
697,0.504932,0.40532595,0.69649637,0.60445136,0.6045203,0.8843995,0.59375,True
698,0.50490814,0.23481122,0.17161414,0.23437597,0.40514454,0.60209423,0.46875,True
699,0.92125404,0.9754926,0.6964949,0.88599783,0.6045268,0.23300856,0.65625,True
700,0.8381151,0.6046348,0.69648814,0.2345231,0.7748918,0.6028384,0.5625,True
701,0.50492877,0.23481724,0.5049354,0.77494293,0.4051859,0.60283726,0.5625,True
702,0.69629717,0.94622517,0.83690727,0.4007541,0.7741309,0.8812004,0.625,True
703,0.8379718,0.12353788,0.17167476,0.40501282,0.23398988,0.40348548,0.5,True
704,0.5046534,0.23282708,0.0880861,0.88589036,0.2339788,0.121622294,0.40625,True
705,0.69635284,0.23475108,0.31336752,0.40497082,0.6039461,0.60281086,0.5,True
706,0.5048858,0.7751133,0.5047822,0.8859387,0.60445964,0.4032309,0.5,True
707,0.83807856,0.40527615,0.8379771,0.60437095,0.60441846,0.94409424,0.625,True
708,0.5048944,0.4052722,0.5046081,0.7747133,0.7749725,0.88332903,0.59375,True
709,0.5049268,0.94624704,0.9212363,0.88590455,0.40517664,0.8841489,0.6875,True
710,0.5049147,0.4053019,0.5049218,0.88599366,0.23463385,0.23301871,0.5625,True
711,0.50493324,0.97549415,0.69649696,0.8859795,0.60451615,0.23302145,0.59375,True
712,0.6964602,0.123765975,0.69648826,0.23454066,0.77490884,0.773327,0.5625,True
713,0.6956273,0.062348783,0.17164494,0.40450075,0.23016034,0.23296326,0.40625,True
714,0.6964954,0.8861971,0.92124635,0.8859752,0.7750455,0.773207,0.75,True
715,0.921204,0.77515167,0.5049225,0.40455157,0.6041639,0.88427484,0.65625,True
716,0.69646066,0.4053099,0.088446654,0.60415524,0.4051398,0.40244547,0.46875,True
717,0.50484985,0.405132,0.313244,0.8859484,0.23447293,0.60265315,0.46875,True
718,0.6964058,0.8861266,0.50200003,0.88506,0.7750092,0.77050877,0.65625,True
719,0.5048592,0.23462954,0.08846125,0.8859592,0.12347102,0.60266,0.46875,True
720,0.8381399,0.8861921,0.8381502,0.40510178,0.77499896,0.23302212,0.5625,True
721,0.31334862,0.9754903,0.9634492,0.7743923,0.77489537,0.88353467,0.6875,True
722,0.6963858,0.2347255,0.69645864,0.7749296,0.7747069,0.77334946,0.59375,True
723,0.8381497,0.94624746,0.8380794,0.8858428,0.60453945,0.8836538,0.75,True
724,0.838116,0.123762414,0.17171595,0.2345756,0.4050947,0.40349633,0.5,True
725,0.5045618,0.23476496,0.6964693,0.23322582,0.6017747,0.7731964,0.5625,True
726,0.6955307,0.6018309,0.3098242,0.77237463,0.2318116,0.23015183,0.46875,True
727,0.504851,0.6046272,0.83812803,0.6037851,0.6039223,0.8842414,0.625,True
728,0.8381469,0.7751537,0.69649476,0.8859995,0.7750288,0.23302306,0.625,True
729,0.3133551,0.7751506,0.50487596,0.8859445,0.6045049,0.773134,0.59375,True
